ID,Name,Category,Count,Colors (HEX),Moods,Aesthetics
amber-forge-trio,Amber Forge Trio,Orange & Industrial,3,"#1c0f05ff, #7c2d12ff, #f97316ff","orange, industrial","Forge, Manufacturing"
blush-signal-trio,Blush Signal Trio,Pink & Interface,3,"#1f0a17ff, #db2777ff, #f9a8d4ff","pink, bright","Signal, Interface"
carbon-ledger-trio,Carbon Ledger Trio,Black & Professional,3,"#050505ff, #111111ff, #1c1c1eff","black, professional","Finance, Reports"
citrus-ink,Citrus Ink,Bold & Fresh,3,"#111827ff, #84cc16ff, #facc15ff","bold, fresh","Startup, Poster"
cobalt-circuit-trio,Cobalt Circuit Trio,Blue & Technical,3,"#020617ff, #0f172aff, #1e3a8aff","blue, technical","Circuit, Developer"
coral-signal,Coral Signal,Warm & Digital,3,"#ff6b6bff, #6c5ce7ff, #0984e3ff","warm, digital","Interface, Accent"
crimson-circuit-trio,Crimson Circuit Trio,Red & Technical,3,"#160607ff, #2a0a0dff, #5f0f14ff","red, technical","Circuit, Developer"
desert-heat,Desert Heat,Nature & Elemental,3,"#bc6c25ff, #dda15eff, #fefae0ff","minimal, warm",Nature
earthy-organic,Earthy Organic,Nature & Elemental,3,"#1b211cff, #9fae9bff, #f2f5f0ff","minimal, nature",Nature
electric-mauve-trio,Electric Mauve Trio,Purple & Electric,3,"#0b0614ff, #20113aff, #3b1d5fff","purple, electric","Cyber, Mauve"
ember-dusk,Ember Dusk,Warm & Dramatic,3,"#1c1018ff, #c44536ff, #f6c85fff","warm, dramatic","Editorial, Sunset"
emerald-circuit-trio,Emerald Circuit Trio,Green & Technical,3,"#02140bff, #052e16ff, #14532dff","green, technical","Circuit, Developer"
forest-ledger-trio,Forest Ledger Trio,Green & Professional,3,"#0b1f17ff, #123524ff, #1b5e3cff","green, professional","Finance, Nature"
forest-whisper,Forest Whisper,Nature & Elemental,3,"#2d6a4fff, #40916cff, #52b788ff","minimal, nature",Nature
fuchsia-circuit-trio,Fuchsia Circuit Trio,Pink & Technical,3,"#1a0712ff, #9d174dff, #ec4899ff","pink, technical","Circuit, Developer"
grape-nocturne-trio,Grape Nocturne Trio,Purple & Moody,3,"#14061fff, #2a0f3fff, #4a1d5fff","purple, moody","Nocturne, Grape"
imperial-velvet-trio,Imperial Velvet Trio,Purple & Regal,3,"#0e061aff, #1f0b3dff, #37106bff","purple, regal","Luxury, Velvet"
lemon-signal-trio,Lemon Signal Trio,Yellow & Interface,3,"#18140aff, #facc15ff, #fef08aff","yellow, bright","Signal, Interface"
lilac-frost-trio,Lilac Frost Trio,Purple & Airy,3,"#1e1b4bff, #312e81ff, #4f46e5ff","purple, airy","Lilac, Frost"
modern-minimalist,Modern Minimalist,Professional & SaaS,3,"#2d3436ff, #dfe6e9ff, #0984e3ff","minimal, professional",Professional
nebula-orchid-trio,Nebula Orchid Trio,Purple & Cosmic,3,"#080012ff, #18002fff, #2f075eff","purple, cosmic","Nebula, Orchid"
nordic-signal,Nordic Signal,Cool & Minimal,3,"#0b132bff, #5bc0beff, #f8f9faff","cool, minimal","Nordic, SaaS"
obsidian-circuit-trio,Obsidian Circuit Trio,Black & Technical,3,"#030304ff, #0a0a0fff, #12121aff","black, technical","Circuit, Developer"
ocean-depth,Ocean Depth,Aquatic & Polar,3,"#03045eff, #0077b6ff, #00b4d8ff","cool, minimal, nature",Aquatic
orchid-slate,Orchid Slate,Elegant & Muted,3,"#3d314aff, #b565a7ff, #f3e8eeff","elegant, muted","Portfolio, Luxury"
pearl-signal-trio,Pearl Signal Trio,White & Interface,3,"#1f2937ff, #f3f4f6ff, #ffffffff","white, bright","Signal, Interface"
pine-ember,Pine Ember,Natural & Warm,3,"#1b4332ff, #d95d39ff, #f7ede2ff","natural, warm","Cabin, Editorial"
porcelain-circuit-trio,Porcelain Circuit Trio,White & Technical,3,"#111827ff, #e5e7ebff, #ffffffff","white, technical","Circuit, Developer"
retro-revival,Retro Revival,Retro & Nostalgia,3,"#2e5283ff, #e2552dff, #e3bd33ff","minimal, retro",Retro
royal-iris,Royal Iris,Purple & Elegant,3,"#1b1035ff, #7c3aedff, #f5d0feff","purple, elegant","Iris, Luxury"
ruby-ledger-trio,Ruby Ledger Trio,Red & Professional,3,"#1f0a0cff, #3b0d11ff, #7f1d1dff","red, professional","Finance, Reports"
sapphire-ledger-trio,Sapphire Ledger Trio,Blue & Professional,3,"#0a2540ff, #12355bff, #1d4e89ff","blue, professional","Finance, SaaS"
slate-gray,Slate Gray,Professional & SaaS,3,"#212529ff, #343a40ff, #495057ff","cool, dark, minimal, professional",Professional
solar-circuit-trio,Solar Circuit Trio,Yellow & Technical,3,"#171104ff, #a16207ff, #eab308ff","yellow, technical","Circuit, Developer"
sunset-glow,Sunset Glow,Vibrant & Pop,3,"#ff4d6dff, #ff758fff, #ff8fa3ff","minimal, warm",Vibrant
tangerine-signal-trio,Tangerine Signal Trio,Orange & Interface,3,"#231006ff, #ea580cff, #fb923cff","orange, bright","Signal, Interface"
alloy-bloom,Alloy Bloom,Industrial & Bright,4,"#1f2937ff, #3b82f6ff, #ec4899ff, #f3f4f6ff","industrial, bright","Metal, UI"
amber-forge-quartet,Amber Forge Quartet,Orange & Industrial,4,"#1c0f05ff, #431407ff, #9a3412ff, #f97316ff","orange, industrial","Forge, Manufacturing"
amethyst-haze,Amethyst Haze,Purple & Soft,4,"#160f29ff, #5b21b6ff, #a78bfaff, #f3e8ffff","purple, soft","Amethyst, Glass UI"
berry-blast,Berry Blast,Vibrant & Pop,4,"#7209b7ff, #b5179eff, #f72585ff, #ff4d6dff","minimal, warm",Vibrant
blush-signal-quartet,Blush Signal Quartet,Pink & Interface,4,"#1f0a17ff, #be185dff, #db2777ff, #f9a8d4ff","pink, bright","Signal, Interface"
carbon-ledger-quartet,Carbon Ledger Quartet,Black & Professional,4,"#050505ff, #111111ff, #1c1c1eff, #2c2c2eff","black, professional","Finance, Reports"
cobalt-circuit-quartet,Cobalt Circuit Quartet,Blue & Technical,4,"#020617ff, #0f172aff, #1e3a8aff, #1d4ed8ff","blue, technical","Circuit, Developer"
coffee-shop,Coffee Shop,Thematic Collection,4,"#220901ff, #621708ff, #941b0cff, #bc3908ff",minimal,Thematic Collection
crimson-circuit-quartet,Crimson Circuit Quartet,Red & Technical,4,"#160607ff, #2a0a0dff, #5f0f14ff, #991b1bff","red, technical","Circuit, Developer"
electric-mauve-quartet,Electric Mauve Quartet,Purple & Electric,4,"#0b0614ff, #20113aff, #3b1d5fff, #6d28d9ff","purple, electric","Cyber, Mauve"
electric-night,Electric Night,Cyberpunk & Neon,4,"#3a0ca3ff, #4361eeff, #4cc9f0ff, #4895efff","dark, minimal, neon",Cyberpunk
emerald-circuit-quartet,Emerald Circuit Quartet,Green & Technical,4,"#02140bff, #052e16ff, #14532dff, #15803dff","green, technical","Circuit, Developer"
forest-ledger-quartet,Forest Ledger Quartet,Green & Professional,4,"#0b1f17ff, #123524ff, #1b5e3cff, #2e7d32ff","green, professional","Finance, Nature"
fuchsia-circuit-quartet,Fuchsia Circuit Quartet,Pink & Technical,4,"#1a0712ff, #500724ff, #be185dff, #ec4899ff","pink, technical","Circuit, Developer"
glass-aurora,Glass Aurora,Cool & Luminous,4,"#0f172aff, #22d3eeff, #a7f3d0ff, #f8fafcff","cool, luminous","Glassmorphism, Aurora"
grape-nocturne-quartet,Grape Nocturne Quartet,Purple & Moody,4,"#14061fff, #2a0f3fff, #4a1d5fff, #6b2d83ff","purple, moody","Nocturne, Grape"
harbor-mist,Harbor Mist,Calm & Coastal,4,"#0f3d5eff, #5dade2ff, #d1f2ebff, #f9e79fff","calm, coastal","Coastal, Wellness"
imperial-velvet-quartet,Imperial Velvet Quartet,Purple & Regal,4,"#0e061aff, #1f0b3dff, #37106bff, #5521a3ff","purple, regal","Luxury, Velvet"
lava-glass,Lava Glass,Dark & Energetic,4,"#120f18ff, #ff3b30ff, #ffb703ff, #e5e7ebff","dark, energetic","Gaming, Neon"
lemon-signal-quartet,Lemon Signal Quartet,Yellow & Interface,4,"#18140aff, #ca8a04ff, #facc15ff, #fef08aff","yellow, bright","Signal, Interface"
lilac-frost-quartet,Lilac Frost Quartet,Purple & Airy,4,"#1e1b4bff, #312e81ff, #4f46e5ff, #7c3aedff","purple, airy","Lilac, Frost"
meadow-chrome,Meadow Chrome,Fresh & Modern,4,"#14532dff, #14b8a6ff, #a3e635ff, #ecfeffff","fresh, modern","Eco Tech, Product"
nature-trail,Nature Trail,Thematic Collection,4,"#344e41ff, #588157ff, #a3b18aff, #dad7cdff","minimal, nature",Thematic Collection
nebula-orchid-quartet,Nebula Orchid Quartet,Purple & Cosmic,4,"#080012ff, #18002fff, #2f075eff, #5a189aff","purple, cosmic","Nebula, Orchid"
obsidian-circuit-quartet,Obsidian Circuit Quartet,Black & Technical,4,"#030304ff, #0a0a0fff, #12121aff, #1f2937ff","black, technical","Circuit, Developer"
pearl-signal-quartet,Pearl Signal Quartet,White & Interface,4,"#1f2937ff, #d1d5dbff, #f3f4f6ff, #ffffffff","white, bright","Signal, Interface"
porcelain-circuit-quartet,Porcelain Circuit Quartet,White & Technical,4,"#111827ff, #94a3b8ff, #e5e7ebff, #ffffffff","white, technical","Circuit, Developer"
retro-pop,Retro Pop,Retro & Nostalgia,4,"#2ab7caff, #fe4a49ff, #fed766ff, #e6e6eaff","minimal, retro",Retro
ruby-ledger-quartet,Ruby Ledger Quartet,Red & Professional,4,"#1f0a0cff, #3b0d11ff, #7f1d1dff, #b91c1cff","red, professional","Finance, Reports"
saas-blue,SaaS Blue,Aquatic & Polar,4,"#0d1b2aff, #1b263bff, #415a77ff, #e0e1ddff","cool, minimal, professional",Aquatic
sapphire-ledger-quartet,Sapphire Ledger Quartet,Blue & Professional,4,"#0a2540ff, #12355bff, #1d4e89ff, #2563ebff","blue, professional","Finance, SaaS"
solar-circuit-quartet,Solar Circuit Quartet,Yellow & Technical,4,"#171104ff, #422006ff, #a16207ff, #eab308ff","yellow, technical","Circuit, Developer"
spring-meadow,Spring Meadow,Nature & Elemental,4,"#55a630ff, #80b918ff, #aacc00ff, #bfd200ff","minimal, nature",Nature
tangerine-signal-quartet,Tangerine Signal Quartet,Orange & Interface,4,"#231006ff, #7c2d12ff, #ea580cff, #fb923cff","orange, bright","Signal, Interface"
violet-circuit,Violet Circuit,Futuristic & Cool,4,"#2e1065ff, #7c3aedff, #06b6d4ff, #ede9feff","futuristic, cool","Cyber, Interface"
winter-frost,Winter Frost,Aquatic & Polar,4,"#00b4d8ff, #90e0efff, #caf0f8ff, #ade8f4ff","cool, minimal",Aquatic
alpine-market,Alpine Market,Natural & Professional,5,"#1f2937ff, #047857ff, #34d399ff, #fffbebff, #d1d5dbff","natural, professional","Marketplace, Alpine"
amber-forge-scale,Amber Forge Scale,Orange & Industrial,5,"#1c0f05ff, #431407ff, #9a3412ff, #f97316ff, #fbbf24ff","orange, industrial","Forge, Manufacturing"
blush-signal-scale,Blush Signal Scale,Pink & Interface,5,"#1f0a17ff, #be185dff, #db2777ff, #f9a8d4ff, #fdf2f8ff","pink, bright","Signal, Interface"
bold-berry,Bold Berry,Retro & Nostalgia,5,"#f9dbbdff, #ffa5abff, #da627dff, #a53860ff, #450920ff",warm,Retro
carbon-ledger-scale,Carbon Ledger Scale,Black & Professional,5,"#050505ff, #111111ff, #1c1c1eff, #2c2c2eff, #3a3a3cff","black, professional","Finance, Reports"
classic-vaporwave,Classic Vaporwave,Retro & Nostalgia,5,"#ff71ceff, #01cdfeff, #05ffa1ff, #b967ffff, #fffb96ff","neon, retro",Retro
cobalt-circuit-scale,Cobalt Circuit Scale,Blue & Technical,5,"#020617ff, #0f172aff, #1e3a8aff, #1d4ed8ff, #2563ebff","blue, technical","Circuit, Developer"
cosmic-candy,Cosmic Candy,Playful & Neon,5,"#10002bff, #7b2cbfff, #ff4d6dff, #80ffdbff, #fff0f3ff","playful, neon","Space, Pop"
crimson-circuit-scale,Crimson Circuit Scale,Red & Technical,5,"#160607ff, #2a0a0dff, #5f0f14ff, #991b1bff, #dc2626ff","red, technical","Circuit, Developer"
cyber-pastel,Cyber Pastel,Cyberpunk & Neon,5,"#c6f5f2ff, #f5d8f2ff, #55efd5ff, #ed4bbcff, #8207dbff",neon,Cyberpunk
deep-space,Deep Space,Space & Cosmic,5,"#0b090aff, #161a1dff, #660708ff, #a4161aff, #ba181bff",,Space
desert-sands,Desert Sands,Nature & Elemental,5,"#264653ff, #2a9d8fff, #e9c46aff, #f4a261ff, #e76f51ff","nature, warm",Nature
desert-terminal,Desert Terminal,Warm & Technical,5,"#3c2f2fff, #a0522dff, #2dd4bfff, #e9d8a6ff, #faf3ddff","warm, technical","Terminal, Desert"
electric-mauve-scale,Electric Mauve Scale,Purple & Electric,5,"#0b0614ff, #20113aff, #3b1d5fff, #6d28d9ff, #9333eaff","purple, electric","Cyber, Mauve"
emerald-circuit-scale,Emerald Circuit Scale,Green & Technical,5,"#02140bff, #052e16ff, #14532dff, #15803dff, #16a34aff","green, technical","Circuit, Developer"
forest-ledger-scale,Forest Ledger Scale,Green & Professional,5,"#0b1f17ff, #123524ff, #1b5e3cff, #2e7d32ff, #43a047ff","green, professional","Finance, Nature"
fuchsia-circuit-scale,Fuchsia Circuit Scale,Pink & Technical,5,"#1a0712ff, #500724ff, #be185dff, #ec4899ff, #f9a8d4ff","pink, technical","Circuit, Developer"
future-shock,Future Shock,Thematic Collection,5,"#2c3e50ff, #e74c3cff, #eeff00ff, #1abc9cff, #9b59b6ff",,Thematic Collection
grape-nocturne-scale,Grape Nocturne Scale,Purple & Moody,5,"#14061fff, #2a0f3fff, #4a1d5fff, #6b2d83ff, #8e44adff","purple, moody","Nocturne, Grape"
holo-noir,Holo Noir,Cyberpunk & Neon,5,"#080810ff, #12122aff, #00f0ffff, #ff006eff, #7700eeff",,Cyberpunk
imperial-velvet-scale,Imperial Velvet Scale,Purple & Regal,5,"#0e061aff, #1f0b3dff, #37106bff, #5521a3ff, #7c3aedff","purple, regal","Luxury, Velvet"
lagoon-study,Lagoon Study,Calm & Scholarly,5,"#003049ff, #457b9dff, #2a9d8fff, #f1faeeff, #e76f51ff","calm, scholarly","Education, Lagoon"
lavender-mist,Lavender Mist,Aquatic & Polar,5,"#cdb4dbff, #ffafccff, #ffc8ddff, #bde0feff, #a2d2ffff",cool,Aquatic
lemon-signal-scale,Lemon Signal Scale,Yellow & Interface,5,"#18140aff, #ca8a04ff, #facc15ff, #fef08aff, #fefce8ff","yellow, bright","Signal, Interface"
lilac-frost-scale,Lilac Frost Scale,Purple & Airy,5,"#1e1b4bff, #312e81ff, #4f46e5ff, #7c3aedff, #a78bfaff","purple, airy","Lilac, Frost"
midnight-cyberpunk,Midnight Cyberpunk,Cyberpunk & Neon,5,"#101010ff, #240c76ff, #8a2be2ff, #00bfffff, #ff007bff","dark, neon",Cyberpunk
midnight-neon,Midnight Neon,Cyberpunk & Neon,5,"#0b0114ff, #2a044aff, #00d2ffff, #f300ffff, #00ff9fff","dark, neon",Cyberpunk
monochrome-magic,Monochrome Magic,Minimalist & Mono,5,"#eaeaeaff, #893168ff, #4a1942ff, #2e1c2bff, #050404ff",,Minimalist
muted-earth,Muted Earth,Nature & Elemental,5,"#6b705cff, #a5a58dff, #b7b7a4ff, #ffe8d6ff, #ddbea9ff",,Nature
nebula-orchid-scale,Nebula Orchid Scale,Purple & Cosmic,5,"#080012ff, #18002fff, #2f075eff, #5a189aff, #8f2fd1ff","purple, cosmic","Nebula, Orchid"
neon-punk,Neon Punk,Cyberpunk & Neon,5,"#ff0054ff, #ff5400ff, #ffbd00ff, #e9ff70ff, #00f5d4ff",neon,Cyberpunk
obsidian-circuit-scale,Obsidian Circuit Scale,Black & Technical,5,"#030304ff, #0a0a0fff, #12121aff, #1f2937ff, #374151ff","black, technical","Circuit, Developer"
paper-lantern,Paper Lantern,Soft & Warm,5,"#2b2d42ff, #ef233cff, #ffccd5ff, #fff1e6ff, #f4a261ff","soft, warm","Editorial, Lifestyle"
pearl-signal-scale,Pearl Signal Scale,White & Interface,5,"#1f2937ff, #6b7280ff, #d1d5dbff, #f3f4f6ff, #ffffffff","white, bright","Signal, Interface"
plum-circuit,Plum Circuit,Purple & Technical,5,"#090413ff, #2e1065ff, #7e22ceff, #d946efff, #ecfeffff","purple, technical","Cyber, Interface"
porcelain-circuit-scale,Porcelain Circuit Scale,White & Technical,5,"#111827ff, #475569ff, #94a3b8ff, #e5e7ebff, #ffffffff","white, technical","Circuit, Developer"
ruby-ledger-scale,Ruby Ledger Scale,Red & Professional,5,"#1f0a0cff, #3b0d11ff, #7f1d1dff, #b91c1cff, #dc2626ff","red, professional","Finance, Reports"
sapphire-ledger-scale,Sapphire Ledger Scale,Blue & Professional,5,"#0a2540ff, #12355bff, #1d4e89ff, #2563ebff, #2f80edff","blue, professional","Finance, SaaS"
soft-pink-delight,Soft Pink Delight,Soft & Pastel,5,"#ffe5ecff, #ffc2d1ff, #ffb3c6ff, #ff8fabff, #fb6f92ff",warm,Soft
solar-circuit-scale,Solar Circuit Scale,Yellow & Technical,5,"#171104ff, #422006ff, #a16207ff, #ca8a04ff, #eab308ff","yellow, technical","Circuit, Developer"
tangerine-signal-scale,Tangerine Signal Scale,Orange & Interface,5,"#231006ff, #7c2d12ff, #ea580cff, #fb923cff, #fed7aaff","orange, bright","Signal, Interface"
tropical-reef,Tropical Reef,Aquatic & Polar,5,"#0077b6ff, #0096c7ff, #00b4d8ff, #48cae4ff, #90e0efff",nature,Aquatic
vintage-gold,Vintage Gold,Retro & Nostalgia,5,"#000000ff, #14213dff, #fca311ff, #e5e5e5ff, #ffffffff","retro, warm",Retro
vintage-vibe,Vintage Vibe,Retro & Nostalgia,5,"#264653ff, #2a9d8fff, #e9c46aff, #f4a261ff, #e76f51ff",retro,Retro
amber-forge-array,Amber Forge Array,Orange & Industrial,6,"#1c0f05ff, #431407ff, #9a3412ff, #c2410cff, #f97316ff, #fbbf24ff","orange, industrial","Forge, Manufacturing"
arctic-night,Arctic Night,Aquatic & Polar,6,"#03045eff, #023e8aff, #0077b6ff, #0096c7ff, #00b4d8ff, #48cae4ff","cool, dark",Aquatic
blush-signal-array,Blush Signal Array,Pink & Interface,6,"#1f0a17ff, #831843ff, #be185dff, #db2777ff, #f9a8d4ff, #fdf2f8ff","pink, bright","Signal, Interface"
carbon-ledger-array,Carbon Ledger Array,Black & Professional,6,"#050505ff, #111111ff, #1c1c1eff, #2c2c2eff, #3a3a3cff, #636366ff","black, professional","Finance, Reports"
cobalt-circuit-array,Cobalt Circuit Array,Blue & Technical,6,"#020617ff, #0f172aff, #1e3a8aff, #1d4ed8ff, #2563ebff, #3b82f6ff","blue, technical","Circuit, Developer"
cool-oceanic,Cool Oceanic,Aquatic & Polar,6,"#011f4bff, #03396cff, #005b96ff, #6497b1ff, #b3cde0ff, #f4f4f8ff","cool, nature",Aquatic
copper-grove,Copper Grove,Earthy & Refined,6,"#252422ff, #bc6c25ff, #606c38ff, #a3b18aff, #fefae0ff, #fff8e7ff","earthy, refined","Nature, Interior"
crimson-circuit-array,Crimson Circuit Array,Red & Technical,6,"#160607ff, #2a0a0dff, #5f0f14ff, #991b1bff, #dc2626ff, #ef4444ff","red, technical","Circuit, Developer"
electric-mauve-array,Electric Mauve Array,Purple & Electric,6,"#0b0614ff, #20113aff, #3b1d5fff, #6d28d9ff, #9333eaff, #d946efff","purple, electric","Cyber, Mauve"
emerald-circuit-array,Emerald Circuit Array,Green & Technical,6,"#02140bff, #052e16ff, #14532dff, #15803dff, #16a34aff, #22c55eff","green, technical","Circuit, Developer"
forest-canopy,Forest Canopy,Nature & Elemental,6,"#081c15ff, #1b4332ff, #2d6a4fff, #40916cff, #52b788ff, #74c69dff",nature,Nature
forest-ledger-array,Forest Ledger Array,Green & Professional,6,"#0b1f17ff, #123524ff, #1b5e3cff, #2e7d32ff, #43a047ff, #66bb6aff","green, professional","Finance, Nature"
fuchsia-circuit-array,Fuchsia Circuit Array,Pink & Technical,6,"#1a0712ff, #500724ff, #9d174dff, #be185dff, #ec4899ff, #f9a8d4ff","pink, technical","Circuit, Developer"
glacier-relay,Glacier Relay,Cool & Technical,6,"#0b1d26ff, #1d4ed8ff, #38bdf8ff, #67e8f9ff, #e0f2feff, #f8fafcff","cool, technical","Glacier, Data"
grape-nocturne-array,Grape Nocturne Array,Purple & Moody,6,"#14061fff, #2a0f3fff, #4a1d5fff, #6b2d83ff, #8e44adff, #b06ad1ff","purple, moody","Nocturne, Grape"
imperial-velvet-array,Imperial Velvet Array,Purple & Regal,6,"#0e061aff, #1f0b3dff, #37106bff, #5521a3ff, #7c3aedff, #a78bfaff","purple, regal","Luxury, Velvet"
industrial-gray,Industrial Gray,Professional & SaaS,6,"#212529ff, #343a40ff, #495057ff, #6c757dff, #adb5bdff, #ced4daff",professional,Professional
lemon-signal-array,Lemon Signal Array,Yellow & Interface,6,"#18140aff, #854d0eff, #ca8a04ff, #facc15ff, #fef08aff, #fefce8ff","yellow, bright","Signal, Interface"
lilac-frost-array,Lilac Frost Array,Purple & Airy,6,"#1e1b4bff, #312e81ff, #4f46e5ff, #7c3aedff, #a78bfaff, #c4b5fdff","purple, airy","Lilac, Frost"
metro-orchard,Metro Orchard,Urban & Fresh,6,"#202124ff, #5f6368ff, #34a853ff, #fbbc04ff, #ea4335ff, #f8fafdff","urban, fresh","Metro, Food"
modern-vibe,Modern Vibe,Professional & SaaS,6,"#895eb3ff, #fad372ff, #db726dff, #f7942cff, #404c95ff, #a9d03aff",professional,Professional
nebula-orchid-array,Nebula Orchid Array,Purple & Cosmic,6,"#080012ff, #18002fff, #2f075eff, #5a189aff, #8f2fd1ff, #c026d3ff","purple, cosmic","Nebula, Orchid"
neon-monastery,Neon Monastery,Dark & Spiritual,6,"#07020dff, #3c096cff, #c77dffff, #ff9e00ff, #00f5d4ff, #f8f7ffff","dark, luminous","Cyber, Spiritual"
obsidian-circuit-array,Obsidian Circuit Array,Black & Technical,6,"#030304ff, #0a0a0fff, #12121aff, #1f2937ff, #374151ff, #4b5563ff","black, technical","Circuit, Developer"
pearl-signal-array,Pearl Signal Array,White & Interface,6,"#1f2937ff, #6b7280ff, #d1d5dbff, #f3f4f6ff, #f9fafbff, #ffffffff","white, bright","Signal, Interface"
porcelain-circuit-array,Porcelain Circuit Array,White & Technical,6,"#111827ff, #475569ff, #94a3b8ff, #cbd5e1ff, #e5e7ebff, #ffffffff","white, technical","Circuit, Developer"
prairie-signal,Prairie Signal,Open & Optimistic,6,"#283618ff, #588157ff, #dda15eff, #a8dadcff, #e63946ff, #f1faeeff","open, optimistic","Agriculture, Outdoor"
royal-purple,Royal Purple,Thematic Collection,6,"#240046ff, #3c096cff, #5a189aff, #7b2cbfff, #9d4eddff, #c77dffff",,Thematic Collection
ruby-ledger-array,Ruby Ledger Array,Red & Professional,6,"#1f0a0cff, #3b0d11ff, #7f1d1dff, #b91c1cff, #dc2626ff, #f97316ff","red, professional","Finance, Reports"
sapphire-ledger-array,Sapphire Ledger Array,Blue & Professional,6,"#0a2540ff, #12355bff, #1d4e89ff, #2563ebff, #2f80edff, #56ccf2ff","blue, professional","Finance, SaaS"
solar-circuit-array,Solar Circuit Array,Yellow & Technical,6,"#171104ff, #422006ff, #a16207ff, #ca8a04ff, #eab308ff, #fde047ff","yellow, technical","Circuit, Developer"
sunset-boulevard,Sunset Boulevard,Vibrant & Pop,6,"#ff0000ff, #ff4d00ff, #ff8e00ff, #ffc900ff, #ffee00ff, #d4ff00ff",warm,Vibrant
tangerine-signal-array,Tangerine Signal Array,Orange & Interface,6,"#231006ff, #7c2d12ff, #c2410cff, #ea580cff, #fb923cff, #fed7aaff","orange, bright","Signal, Interface"
verdant-circuit,Verdant Circuit,Nature & Tech,6,"#06130bff, #123c24ff, #1f8a4cff, #79d66bff, #d6f7a3ff, #f7fff2ff","natural, energetic","Eco Tech, Dashboard"
violet-vineyard,Violet Vineyard,Purple & Layered,6,"#1e102fff, #4c1d95ff, #6d28d9ff, #a855f7ff, #d8b4feff, #faf5ffff","purple, layered","Vineyard, Design System"
amber-forge-spectrum,Amber Forge Spectrum,Orange & Industrial,7,"#1c0f05ff, #431407ff, #9a3412ff, #c2410cff, #f97316ff, #fbbf24ff, #ffedd5ff","orange, industrial","Forge, Manufacturing"
arcade-bloom,Arcade Bloom,Playful & Electric,7,"#111827ff, #8b5cf6ff, #ef4444ff, #22d3eeff, #22c55eff, #fde047ff, #fff7edff","playful, electric","Arcade, Retro"
autumn-leaves,Autumn Leaves,Nature & Elemental,7,"#3d0000ff, #5a1207ff, #903112ff, #bc5421ff, #de7c3eff, #f1a16dff, #f8c291ff",nature,Nature
blush-signal-spectrum,Blush Signal Spectrum,Pink & Interface,7,"#1f0a17ff, #831843ff, #be185dff, #db2777ff, #f9a8d4ff, #fdf2f8ff, #ffffffff","pink, bright","Signal, Interface"
canyon-ledger,Canyon Ledger,Warm & Trustworthy,7,"#1e293bff, #9a3412ff, #ea580cff, #2563ebff, #84a98cff, #fef3c7ff, #fffaf0ff","warm, trustworthy","Finance, Desert"
carbon-ledger-spectrum,Carbon Ledger Spectrum,Black & Professional,7,"#050505ff, #111111ff, #1c1c1eff, #2c2c2eff, #3a3a3cff, #636366ff, #8e8e93ff","black, professional","Finance, Reports"
cobalt-circuit-spectrum,Cobalt Circuit Spectrum,Blue & Technical,7,"#020617ff, #0f172aff, #1e3a8aff, #1d4ed8ff, #2563ebff, #3b82f6ff, #60a5faff","blue, technical","Circuit, Developer"
crimson-circuit-spectrum,Crimson Circuit Spectrum,Red & Technical,7,"#160607ff, #2a0a0dff, #5f0f14ff, #991b1bff, #dc2626ff, #ef4444ff, #f87171ff","red, technical","Circuit, Developer"
deep-reef,Deep Reef,Aquatic & Vibrant,7,"#001219ff, #005f73ff, #0a9396ff, #94d2bdff, #ee9b00ff, #ca6702ff, #e9d8a6ff","aquatic, vibrant","Ocean, Travel"
electric-mauve-spectrum,Electric Mauve Spectrum,Purple & Electric,7,"#0b0614ff, #20113aff, #3b1d5fff, #6d28d9ff, #9333eaff, #d946efff, #f0abfcff","purple, electric","Cyber, Mauve"
emerald-circuit-spectrum,Emerald Circuit Spectrum,Green & Technical,7,"#02140bff, #052e16ff, #14532dff, #15803dff, #16a34aff, #22c55eff, #86efacff","green, technical","Circuit, Developer"
fire-and-ice,Fire and Ice,Aquatic & Polar,7,"#03045eff, #0077b6ff, #00b4d8ff, #90e0efff, #ff4d6dff, #c9184aff, #800f2fff",cool,Aquatic
forest-ledger-spectrum,Forest Ledger Spectrum,Green & Professional,7,"#0b1f17ff, #123524ff, #1b5e3cff, #2e7d32ff, #43a047ff, #66bb6aff, #a5d6a7ff","green, professional","Finance, Nature"
frosted-orchard,Frosted Orchard,Fresh & Delicate,7,"#1b263bff, #81b29aff, #e07a5fff, #f2cc8fff, #c7f9ccff, #f8f9faff, #6b7280ff","fresh, delicate","Botanical, Wellness"
fuchsia-circuit-spectrum,Fuchsia Circuit Spectrum,Pink & Technical,7,"#1a0712ff, #500724ff, #9d174dff, #be185dff, #ec4899ff, #f9a8d4ff, #fce7f3ff","pink, technical","Circuit, Developer"
grape-nocturne-spectrum,Grape Nocturne Spectrum,Purple & Moody,7,"#14061fff, #2a0f3fff, #4a1d5fff, #6b2d83ff, #8e44adff, #b06ad1ff, #d7bde2ff","purple, moody","Nocturne, Grape"
imperial-velvet-spectrum,Imperial Velvet Spectrum,Purple & Regal,7,"#0e061aff, #1f0b3dff, #37106bff, #5521a3ff, #7c3aedff, #a78bfaff, #c4b5fdff","purple, regal","Luxury, Velvet"
lemon-signal-spectrum,Lemon Signal Spectrum,Yellow & Interface,7,"#18140aff, #854d0eff, #ca8a04ff, #facc15ff, #fef08aff, #fefce8ff, #ffffffff","yellow, bright","Signal, Interface"
lilac-frost-spectrum,Lilac Frost Spectrum,Purple & Airy,7,"#1e1b4bff, #312e81ff, #4f46e5ff, #7c3aedff, #a78bfaff, #c4b5fdff, #ddd6feff","purple, airy","Lilac, Frost"
midnight-bazaar,Midnight Bazaar,Rich & Nocturnal,7,"#10002bff, #240046ff, #3c096cff, #c9184aff, #ffb703ff, #80ed99ff, #fff3b0ff","rich, nocturnal","Market, Luxury"
midnight-sky,Midnight Sky,Space & Cosmic,7,"#010101ff, #0d1b2aff, #1b263bff, #415a77ff, #778da9ff, #a3b18aff, #dad7cdff",dark,Space
nebula-orchid-spectrum,Nebula Orchid Spectrum,Purple & Cosmic,7,"#080012ff, #18002fff, #2f075eff, #5a189aff, #8f2fd1ff, #c026d3ff, #e879f9ff","purple, cosmic","Nebula, Orchid"
neon-horizon,Neon Horizon,Cyberpunk & Neon,7,"#0a0018ff, #8800ccff, #dd00ffff, #ff0099ff, #00aaaaff, #ff8800ff, #ffe040ff",neon,Cyberpunk
obsidian-circuit-spectrum,Obsidian Circuit Spectrum,Black & Technical,7,"#030304ff, #0a0a0fff, #12121aff, #1f2937ff, #374151ff, #4b5563ff, #9ca3afff","black, technical","Circuit, Developer"
ocean-waves,Ocean Waves,Aquatic & Polar,7,"#001219ff, #005f73ff, #0a9396ff, #94d2bdff, #e9d8a6ff, #ee9b00ff, #ca6702ff","cool, nature",Aquatic
pearl-signal-spectrum,Pearl Signal Spectrum,White & Interface,7,"#1f2937ff, #6b7280ff, #d1d5dbff, #f3f4f6ff, #f9fafbff, #ffffffff, #bae6fdff","white, bright","Signal, Interface"
porcelain-circuit-spectrum,Porcelain Circuit Spectrum,White & Technical,7,"#111827ff, #475569ff, #94a3b8ff, #cbd5e1ff, #e5e7ebff, #f1f5f9ff, #ffffffff","white, technical","Circuit, Developer"
professional-ibm,Professional IBM,Professional & SaaS,7,"#6929c4ff, #1192e8ff, #005d5dff, #9f1853ff, #fa4d56ff, #570408ff, #198038ff",professional,Professional
rainbow-pastels,Rainbow Pastels,Soft & Pastel,7,"#ffadadff, #ffd6a5ff, #fdffb6ff, #caffbfff, #9bf6ffff, #a0c4ffff, #bdb2ffff",,Soft
retro-metro,Retro Metro,Retro & Nostalgia,7,"#ea5545ff, #f46a9bff, #ef9b20ff, #edbf33ff, #ede15bff, #bdcf32ff, #27aeefff",retro,Retro
ruby-ledger-spectrum,Ruby Ledger Spectrum,Red & Professional,7,"#1f0a0cff, #3b0d11ff, #7f1d1dff, #b91c1cff, #dc2626ff, #f97316ff, #fb923cff","red, professional","Finance, Reports"
sapphire-ledger-spectrum,Sapphire Ledger Spectrum,Blue & Professional,7,"#0a2540ff, #12355bff, #1d4e89ff, #2563ebff, #2f80edff, #56ccf2ff, #93c5fdff","blue, professional","Finance, SaaS"
solar-circuit-spectrum,Solar Circuit Spectrum,Yellow & Technical,7,"#171104ff, #422006ff, #a16207ff, #ca8a04ff, #eab308ff, #fde047ff, #fef9c3ff","yellow, technical","Circuit, Developer"
tangerine-signal-spectrum,Tangerine Signal Spectrum,Orange & Interface,7,"#231006ff, #7c2d12ff, #c2410cff, #ea580cff, #fb923cff, #fed7aaff, #fff7edff","orange, bright","Signal, Interface"
ultraviolet-bloom,Ultraviolet Bloom,Purple & Expressive,7,"#0f0529ff, #2e1065ff, #5b21b6ff, #9333eaff, #c084fcff, #f0abfcff, #fff7edff","purple, expressive","Ultraviolet, Bloom"
alpine-mist-system,Alpine Mist System,White & Natural,8,"#0f172aff, #64748bff, #cbd5e1ff, #e2e8f0ff, #f8fafcff, #ffffffff, #dbeafeff, #bfdbfeff","white, cool","Alpine, Nature"
amber-forge-system,Amber Forge System,Orange & Industrial,8,"#1c0f05ff, #431407ff, #7c2d12ff, #9a3412ff, #c2410cff, #f97316ff, #fbbf24ff, #ffedd5ff","orange, industrial","Forge, Manufacturing"
atlas-neutral,Atlas Neutral,Professional & Balanced,8,"#111827ff, #1f2937ff, #374151ff, #6b7280ff, #d1d5dbff, #f3f4f6ff, #2563ebff, #f59e0bff","professional, balanced","Design System, SaaS"
azure-harbor-system,Azure Harbor System,Blue & Coastal,8,"#061826ff, #0b2e4aff, #0f4c81ff, #1d72aaff, #38a3d1ff, #7dd3fcff, #bae6fdff, #e0f2feff","blue, coastal","Harbor, Maritime"
blush-signal-system,Blush Signal System,Pink & Interface,8,"#1f0a17ff, #831843ff, #be185dff, #db2777ff, #f9a8d4ff, #fdf2f8ff, #ffffffff, #334155ff","pink, bright","Signal, Interface"
botanical-interface,Botanical Interface,Organic & Usable,8,"#14213dff, #1b4332ff, #40916cff, #95d5b2ff, #ffd166ff, #ef476fff, #d8f3dcff, #f8fff4ff","organic, usable","Botanical, Interface"
carbon-ledger-system,Carbon Ledger System,Black & Professional,8,"#050505ff, #111111ff, #1c1c1eff, #2c2c2eff, #3a3a3cff, #636366ff, #8e8e93ff, #c7c7ccff","black, professional","Finance, Reports"
civic-sunrise,Civic Sunrise,Professional & Accessible,8,"#102a43ff, #243b53ff, #486581ff, #f0b429ff, #f7d070ff, #f5f7faff, #d9e2ecff, #bcccdcff","professional, calm","Civic Tech, Accessible UI"
cobalt-circuit-system,Cobalt Circuit System,Blue & Technical,8,"#020617ff, #0f172aff, #1e3a8aff, #1d4ed8ff, #2563ebff, #3b82f6ff, #60a5faff, #bfdbfeff","blue, technical","Circuit, Developer"
cool-blues,Cool Blues,Aquatic & Polar,8,"#012a4aff, #013a63ff, #01497cff, #014f86ff, #2a6f97ff, #2c7da0ff, #468fafff, #61a5c2ff",cool,Aquatic
copper-canyon-system,Copper Canyon System,Orange & Natural,8,"#1f1308ff, #4a250bff, #9a3412ff, #c2410cff, #ea580cff, #fdba74ff, #fed7aaff, #fff7edff","orange, earthy","Canyon, Desert"
copper-nightfall,Copper Nightfall,Warm & Premium,8,"#171717ff, #7f4f24ff, #c97c5dff, #e5989bff, #f2cc8fff, #6b7280ff, #f7ede2ff, #fffaf0ff","warm, premium","Luxury, Night"
crimson-circuit-system,Crimson Circuit System,Red & Technical,8,"#160607ff, #2a0a0dff, #5f0f14ff, #991b1bff, #dc2626ff, #ef4444ff, #f87171ff, #fecacaff","red, technical","Circuit, Developer"
cyberpunk-neon,Cyberpunk Neon,Cyberpunk & Neon,8,"#f72585ff, #b5179eff, #7209b7ff, #560badff, #480ca8ff, #3a0ca3ff, #3f37c9ff, #4361eeff",neon,Cyberpunk
dracula-palette,Dracula Palette,Space & Cosmic,8,"#282a36ff, #f8f8f2ff, #6272a4ff, #8be9fdff, #50fa7bff, #ffb86cff, #ff79c6ff, #bd93f9ff",dark,Space
earth-tones,Earth Tones,Nature & Elemental,8,"#283618ff, #606c38ff, #fefae0ff, #dda15eff, #bc6c25ff, #582f0eff, #7f4f24ff, #936639ff",,Nature
electric-mauve-system,Electric Mauve System,Purple & Electric,8,"#0b0614ff, #20113aff, #3b1d5fff, #6d28d9ff, #9333eaff, #d946efff, #f0abfcff, #bfdbfeff","purple, electric","Cyber, Mauve"
ember-market-system,Ember Market System,Red & Commercial,8,"#1c0b0bff, #3f1111ff, #7f1d1dff, #b42318ff, #d92d20ff, #f04438ff, #f79009ff, #fec84bff","red, warm","Market, Retail"
emerald-circuit-system,Emerald Circuit System,Green & Technical,8,"#02140bff, #052e16ff, #14532dff, #15803dff, #16a34aff, #22c55eff, #86efacff, #bbf7d0ff","green, technical","Circuit, Developer"
forest-ledger-system,Forest Ledger System,Green & Professional,8,"#0b1f17ff, #123524ff, #1b5e3cff, #2e7d32ff, #43a047ff, #66bb6aff, #a5d6a7ff, #dcedc8ff","green, professional","Finance, Nature"
fuchsia-circuit-system,Fuchsia Circuit System,Pink & Technical,8,"#1a0712ff, #500724ff, #831843ff, #9d174dff, #be185dff, #ec4899ff, #f9a8d4ff, #fce7f3ff","pink, technical","Circuit, Developer"
glacier-blue-system,Glacier Blue System,Blue & Icy,8,"#082f49ff, #075985ff, #0369a1ff, #0284c7ff, #0ea5e9ff, #38bdf8ff, #7dd3fcff, #bae6fdff","blue, icy","Glacier, Minimal"
grape-nocturne-system,Grape Nocturne System,Purple & Moody,8,"#14061fff, #2a0f3fff, #4a1d5fff, #6b2d83ff, #8e44adff, #b06ad1ff, #d7bde2ff, #eadcf8ff","purple, moody","Nocturne, Grape"
honey-commerce-system,Honey Commerce System,Yellow & Commercial,8,"#1c1206ff, #422006ff, #a16207ff, #ca8a04ff, #eab308ff, #fde047ff, #fef9c3ff, #fffef5ff","yellow, commercial","Commerce, Retail"
imperial-velvet-system,Imperial Velvet System,Purple & Regal,8,"#0e061aff, #1f0b3dff, #37106bff, #5521a3ff, #7c3aedff, #a78bfaff, #c4b5fdff, #e9d5ffff","purple, regal","Luxury, Velvet"
ink-studio-system,Ink Studio System,Black & Editorial,8,"#070707ff, #14110fff, #23201dff, #34312dff, #57534eff, #78716cff, #a8a29eff, #d6d3d1ff","black, editorial","Studio, Portfolio"
ivory-commerce-system,Ivory Commerce System,White & Commercial,8,"#1f2937ff, #78716cff, #d6d3d1ff, #f5f5f4ff, #fafaf9ff, #ffffffff, #d4af37ff, #292524ff","white, commercial","Commerce, Retail"
lavender-ledger,Lavender Ledger,Purple & Professional,8,"#1e1b4bff, #312e81ff, #4338caff, #7c3aedff, #a78bfaff, #c4b5fdff, #ede9feff, #f8fafcff","purple, professional","SaaS, Ledger"
lemon-signal-system,Lemon Signal System,Yellow & Interface,8,"#18140aff, #854d0eff, #ca8a04ff, #facc15ff, #fef08aff, #fefce8ff, #ffffffff, #334155ff","yellow, bright","Signal, Interface"
lilac-frost-system,Lilac Frost System,Purple & Airy,8,"#1e1b4bff, #312e81ff, #4f46e5ff, #7c3aedff, #a78bfaff, #c4b5fdff, #ddd6feff, #ede9feff","purple, airy","Lilac, Frost"
marigold-commerce-system,Marigold Commerce System,Orange & Commercial,8,"#1c0a02ff, #431407ff, #c2410cff, #f97316ff, #f59e0bff, #facc15ff, #fed7aaff, #fffbebff","orange, commercial","Commerce, Retail"
monochrome-night,Monochrome Night,Minimalist & Mono,8,"#000000ff, #14213dff, #fca311ff, #e5e5e5ff, #ffffffff, #6d6875ff, #b5a4a3ff, #ffcdb2ff",dark,Minimalist
moss-garden-system,Moss Garden System,Green & Organic,8,"#111d13ff, #1b4332ff, #2d6a4fff, #40916cff, #52b788ff, #74c69dff, #95d5b2ff, #b7e4c7ff","green, organic","Garden, Wellness"
nebula-orchid-system,Nebula Orchid System,Purple & Cosmic,8,"#080012ff, #18002fff, #2f075eff, #5a189aff, #8f2fd1ff, #c026d3ff, #e879f9ff, #f5d0feff","purple, cosmic","Nebula, Orchid"
nord-palette,Nord Palette,Minimalist & Mono,8,"#2e3440ff, #d8dee9ff, #8fbcbbff, #88c0d0ff, #bf616aff, #d08770ff, #ebcb8bff, #a3be8cff",cool,Minimalist
obsidian-circuit-system,Obsidian Circuit System,Black & Technical,8,"#030304ff, #0a0a0fff, #12121aff, #1f2937ff, #374151ff, #4b5563ff, #9ca3afff, #d1d5dbff","black, technical","Circuit, Developer"
pearl-signal-system,Pearl Signal System,White & Interface,8,"#1f2937ff, #6b7280ff, #d1d5dbff, #f3f4f6ff, #f9fafbff, #ffffffff, #bae6fdff, #2563ebff","white, bright","Signal, Interface"
petal-commerce-system,Petal Commerce System,Pink & Commercial,8,"#1f0a17ff, #500724ff, #9d174dff, #be185dff, #db2777ff, #f9a8d4ff, #fce7f3ff, #fff7fbff","pink, commercial","Commerce, Retail"
porcelain-circuit-system,Porcelain Circuit System,White & Technical,8,"#111827ff, #475569ff, #94a3b8ff, #cbd5e1ff, #e5e7ebff, #f1f5f9ff, #f8fafcff, #ffffffff","white, technical","Circuit, Developer"
rose-signal-system,Rose Signal System,Red & Expressive,8,"#17070dff, #3f0d1eff, #831843ff, #be123cff, #e11d48ff, #f43f5eff, #fb7185ff, #fecdd3ff","red, expressive","Rose, Interface"
ruby-ledger-system,Ruby Ledger System,Red & Professional,8,"#1f0a0cff, #3b0d11ff, #7f1d1dff, #b91c1cff, #dc2626ff, #f97316ff, #fb923cff, #fed7aaff","red, professional","Finance, Reports"
sakura-bloom-system,Sakura Bloom System,Pink & Natural,8,"#1f0a17ff, #4a044eff, #831843ff, #be185dff, #ec4899ff, #f9a8d4ff, #fce7f3ff, #fdf2f8ff","pink, soft","Sakura, Botanical"
sapphire-ledger-system,Sapphire Ledger System,Blue & Professional,8,"#0a2540ff, #12355bff, #1d4e89ff, #2563ebff, #2f80edff, #56ccf2ff, #93c5fdff, #dbeafeff","blue, professional","Finance, SaaS"
solar-circuit-system,Solar Circuit System,Yellow & Technical,8,"#171104ff, #422006ff, #854d0eff, #a16207ff, #ca8a04ff, #eab308ff, #fde047ff, #fef9c3ff","yellow, technical","Circuit, Developer"
solar-ledger,Solar Ledger,Bright & Analytical,8,"#0b132bff, #1d4ed8ff, #fbbf24ff, #10b981ff, #ef4444ff, #94a3b8ff, #e2e8f0ff, #f8fafcff","bright, analytical","Finance, Solar"
sunflower-field-system,Sunflower Field System,Yellow & Natural,8,"#1a1405ff, #3f2f08ff, #713f12ff, #ca8a04ff, #eab308ff, #fde047ff, #fef9c3ff, #fefce8ff","yellow, earthy","Sunflower, Botanical"
tangerine-signal-system,Tangerine Signal System,Orange & Interface,8,"#231006ff, #7c2d12ff, #c2410cff, #ea580cff, #fb923cff, #fed7aaff, #fff7edff, #ffffffff","orange, bright","Signal, Interface"
tidal-console,Tidal Console,Dark & Focused,8,"#020617ff, #0f172aff, #164e63ff, #0891b2ff, #5eead4ff, #f59e0bff, #cbd5e1ff, #f1f5f9ff","dark, focused","Console, Marine"
tokyo-night,Tokyo Night,Thematic Collection,8,"#1a1b26ff, #c0caf5ff, #f7768eff, #ff9e64ff, #e0af68ff, #9ece6aff, #7aa2f7ff, #bb9af7ff",dark,Thematic Collection
viridian-harbor-system,Viridian Harbor System,Green & Coastal,8,"#03201bff, #064e3bff, #047857ff, #059669ff, #10b981ff, #2dd4bfff, #5eead4ff, #99f6e4ff","green, coastal","Harbor, Aquatic"
void-chrome-system,Void Chrome System,Black & Futuristic,8,"#000000ff, #070b12ff, #111827ff, #1f2937ff, #334155ff, #64748bff, #94a3b8ff, #cbd5e1ff","black, futuristic","Chrome, Cyber"
warm-sunset,Warm Sunset,Vibrant & Pop,8,"#590d22ff, #800f2fff, #a4133cff, #c9184aff, #ff4d6dff, #ff758fff, #ff8fa3ff, #ffb3c1ff",warm,Vibrant
amber-forge-matrix,Amber Forge Matrix,Orange & Industrial,9,"#1c0f05ff, #431407ff, #7c2d12ff, #9a3412ff, #c2410cff, #f97316ff, #fbbf24ff, #ffedd5ff, #fff7edff","orange, industrial","Forge, Manufacturing"
archive-glow,Archive Glow,Scholarly & Warm,9,"#1c1917ff, #5c4033ff, #b7791fff, #f5e6ccff, #31572cff, #9b2226ff, #d6ccc2ff, #78716cff, #fff8dcff","scholarly, warm","Archive, Editorial"
arctic-expedition,Arctic Expedition,Aquatic & Polar,9,"#e0fbfcff, #c2f0f0ff, #98d8d8ff, #72c1c1ff, #4d9696ff, #2a6f6fff, #0d4d4dff, #052f2fff, #011616ff","comprehensive, cool",Aquatic
autumn-harvest,Autumn Harvest,Nature & Elemental,9,"#38040eff, #641220ff, #800e13ff, #ad2831ff, #e36414ff, #fb8b24ff, #ff9b54ff, #e9c46aff, #582f0eff","comprehensive, nature, warm",Nature
blush-signal-matrix,Blush Signal Matrix,Pink & Interface,9,"#1f0a17ff, #831843ff, #be185dff, #db2777ff, #f9a8d4ff, #fdf2f8ff, #ffffffff, #334155ff, #e2e8f0ff","pink, bright","Signal, Interface"
carbon-ledger-matrix,Carbon Ledger Matrix,Black & Professional,9,"#050505ff, #111111ff, #1c1c1eff, #2c2c2eff, #3a3a3cff, #636366ff, #8e8e93ff, #c7c7ccff, #f2f2f7ff","black, professional","Finance, Reports"
celestial-workshop,Celestial Workshop,Creative & Cosmic,9,"#0d1b2aff, #1b263bff, #415a77ff, #778da9ff, #f9c74fff, #f94144ff, #f15bb5ff, #00bbf9ff, #e0e1ddff","creative, cosmic","Maker, Space"
cobalt-circuit-matrix,Cobalt Circuit Matrix,Blue & Technical,9,"#020617ff, #0f172aff, #1e3a8aff, #1d4ed8ff, #2563ebff, #3b82f6ff, #60a5faff, #bfdbfeff, #eff6ffff","blue, technical","Circuit, Developer"
ocean-blue-serenity,Coolors Exported Palette,Soft & Pastel,9,"#03045eff, #023e8aff, #0077b6ff, #0096c7ff, #00b4d8ff, #48cae4ff, #90e0efff, #ade8f4ff, #caf0f8ff","comprehensive, cool",Soft
crimson-circuit-matrix,Crimson Circuit Matrix,Red & Technical,9,"#160607ff, #2a0a0dff, #5f0f14ff, #991b1bff, #dc2626ff, #ef4444ff, #f87171ff, #fecacaff, #fee2e2ff","red, technical","Circuit, Developer"
deep-forest,Deep Forest,Nature & Elemental,9,"#1b4332ff, #2d6a4fff, #40916cff, #52b788ff, #74c69dff, #95d5b2ff, #b7e4c7ff, #d8f3dcff, #f7fff7ff","comprehensive, nature",Nature
deep-ocean,Deep Ocean,Aquatic & Polar,9,"#000814ff, #001d3dff, #003566ff, #ffc300ff, #ffd6a5ff, #1b263bff, #415a77ff, #778da9ff, #bdc3c7ff","comprehensive, cool, nature",Aquatic
electric-mauve-matrix,Electric Mauve Matrix,Purple & Electric,9,"#0b0614ff, #20113aff, #3b1d5fff, #6d28d9ff, #9333eaff, #d946efff, #f0abfcff, #bfdbfeff, #f5f3ffff","purple, electric","Cyber, Mauve"
ember-harbor,Ember Harbor,Moody & Coastal,9,"#0b132bff, #1c2541ff, #3a506bff, #5bc0beff, #2f1b12ff, #e76f51ff, #f4a261ff, #e0fbfcff, #d9c2a3ff","moody, coastal","Harbor, Night"
emerald-circuit-matrix,Emerald Circuit Matrix,Green & Technical,9,"#02140bff, #052e16ff, #14532dff, #15803dff, #16a34aff, #22c55eff, #86efacff, #bbf7d0ff, #dcfce7ff","green, technical","Circuit, Developer"
enchanted-forest,Enchanted Forest,Nature & Elemental,9,"#081c15ff, #1b4332ff, #2d6a4fff, #40916cff, #52b788ff, #74c69dff, #b7e4c7ff, #4a4e69ff, #9a8c98ff","comprehensive, nature",Nature
forest-ledger-matrix,Forest Ledger Matrix,Green & Professional,9,"#0b1f17ff, #123524ff, #1b5e3cff, #2e7d32ff, #43a047ff, #66bb6aff, #a5d6a7ff, #dcedc8ff, #f1f8e9ff","green, professional","Finance, Nature"
forest-terminal,Forest Terminal,Natural & Technical,9,"#030712ff, #052e16ff, #166534ff, #16a34aff, #86efacff, #22d3eeff, #fbbf24ff, #fb7185ff, #f0fdf4ff","natural, technical","Terminal, Forest"
fresh-greens,Fresh Greens,Nature & Elemental,9,"#d8f3dcff, #b7e4c7ff, #95d5b2ff, #74c69dff, #52b788ff, #40916cff, #2d6a4fff, #1b4332ff, #081c15ff","comprehensive, nature",Nature
fuchsia-circuit-matrix,Fuchsia Circuit Matrix,Pink & Technical,9,"#1a0712ff, #500724ff, #831843ff, #9d174dff, #be185dff, #ec4899ff, #f9a8d4ff, #fce7f3ff, #fdf2f8ff","pink, technical","Circuit, Developer"
galactic-nebula,Galactic Nebula,Space & Cosmic,9,"#0b090aff, #161a1dff, #660708ff, #a4161aff, #ba181bff, #e5383bff, #b1a7a6ff, #d3d3d3ff, #f5f3f4ff",comprehensive,Space
grape-nocturne-matrix,Grape Nocturne Matrix,Purple & Moody,9,"#14061fff, #2a0f3fff, #4a1d5fff, #6b2d83ff, #8e44adff, #b06ad1ff, #d7bde2ff, #eadcf8ff, #fbf7ffff","purple, moody","Nocturne, Grape"
imperial-velvet-matrix,Imperial Velvet Matrix,Purple & Regal,9,"#0e061aff, #1f0b3dff, #37106bff, #5521a3ff, #7c3aedff, #a78bfaff, #c4b5fdff, #e9d5ffff, #faf5ffff","purple, regal","Luxury, Velvet"
lemon-signal-matrix,Lemon Signal Matrix,Yellow & Interface,9,"#18140aff, #854d0eff, #ca8a04ff, #facc15ff, #fef08aff, #fefce8ff, #ffffffff, #334155ff, #e2e8f0ff","yellow, bright","Signal, Interface"
lilac-frost-matrix,Lilac Frost Matrix,Purple & Airy,9,"#1e1b4bff, #312e81ff, #4f46e5ff, #7c3aedff, #a78bfaff, #c4b5fdff, #ddd6feff, #ede9feff, #f8fafcff","purple, airy","Lilac, Frost"
muted-pastels,Muted Pastels,Soft & Pastel,9,"#6b705cff, #a5a58dff, #b7b7a4ff, #ffe8d6ff, #ddbea9ff, #cb997eff, #b7b7a4ff, #c2b280ff, #d2b48cff",comprehensive,Soft
mystic-spectrum,Mystic Spectrum,Purple & Mystical,9,"#120018ff, #240046ff, #3c096cff, #5a189aff, #7b2cbfff, #9d4eddff, #c77dffff, #e0aaffff, #fff0ffff","purple, mystical","Mystic, Spectrum"
nebula-orchid-matrix,Nebula Orchid Matrix,Purple & Cosmic,9,"#080012ff, #18002fff, #2f075eff, #5a189aff, #8f2fd1ff, #c026d3ff, #e879f9ff, #f5d0feff, #fdf4ffff","purple, cosmic","Nebula, Orchid"
obsidian-circuit-matrix,Obsidian Circuit Matrix,Black & Technical,9,"#030304ff, #0a0a0fff, #12121aff, #1f2937ff, #374151ff, #4b5563ff, #9ca3afff, #d1d5dbff, #f3f4f6ff","black, technical","Circuit, Developer"
pearl-signal-matrix,Pearl Signal Matrix,White & Interface,9,"#1f2937ff, #6b7280ff, #d1d5dbff, #f3f4f6ff, #f9fafbff, #ffffffff, #bae6fdff, #2563ebff, #4f46e5ff","white, bright","Signal, Interface"
porcelain-circuit-matrix,Porcelain Circuit Matrix,White & Technical,9,"#111827ff, #475569ff, #94a3b8ff, #cbd5e1ff, #e5e7ebff, #f1f5f9ff, #f8fafcff, #ffffffff, #e0f2feff","white, technical","Circuit, Developer"
prism-city,Prism City,Urban & Colorful,9,"#111827ff, #2563ebff, #facc15ff, #dc2626ff, #16a34aff, #a855f7ff, #38bdf8ff, #9ca3afff, #f9fafbff","urban, colorful","City, Transit"
rainforest,Rainforest,Nature & Elemental,9,"#004b23ff, #006400ff, #007200ff, #008000ff, #38b000ff, #70e000ff, #9ef01aff, #ccff33ff, #e5ff00ff","comprehensive, nature",Nature
ruby-ledger-matrix,Ruby Ledger Matrix,Red & Professional,9,"#1f0a0cff, #3b0d11ff, #7f1d1dff, #b91c1cff, #dc2626ff, #f97316ff, #fb923cff, #fed7aaff, #fff1e6ff","red, professional","Finance, Reports"
sapphire-ledger-matrix,Sapphire Ledger Matrix,Blue & Professional,9,"#0a2540ff, #12355bff, #1d4e89ff, #2563ebff, #2f80edff, #56ccf2ff, #93c5fdff, #dbeafeff, #f1f5f9ff","blue, professional","Finance, SaaS"
solar-circuit-matrix,Solar Circuit Matrix,Yellow & Technical,9,"#171104ff, #422006ff, #854d0eff, #a16207ff, #ca8a04ff, #eab308ff, #fde047ff, #fef9c3ff, #fefce8ff","yellow, technical","Circuit, Developer"
solar-flare,Solar Flare,Vibrant & Pop,9,"#000814ff, #001d3dff, #003566ff, #ffc300ff, #ffd60aff, #ffea00ff, #fff200ff, #ffff00ff, #ffff33ff",comprehensive,Vibrant
sunset-sands,Sunset Sands,Nature & Elemental,9,"#001219ff, #005f73ff, #0a9396ff, #94d2bdff, #e9d8a6ff, #ee9b00ff, #ca6702ff, #bb3e03ff, #ae2012ff","comprehensive, nature, warm",Nature
tangerine-signal-matrix,Tangerine Signal Matrix,Orange & Interface,9,"#231006ff, #7c2d12ff, #c2410cff, #ea580cff, #fb923cff, #fed7aaff, #fff7edff, #ffffffff, #111827ff","orange, bright","Signal, Interface"
tropical-paradise,Tropical Paradise,Thematic Collection,9,"#003049ff, #005f73ff, #0a9396ff, #94d2bdff, #e9d8a6ff, #ee9b00ff, #ca6702ff, #bb3e03ff, #ae2012ff",comprehensive,Thematic Collection
urban-industrial,Urban Industrial,Professional & SaaS,9,"#212529ff, #343a40ff, #495057ff, #adb5bdff, #dee2e6ff, #f8f9faff, #ffc300ff, #d90429ff, #000814ff","comprehensive, professional",Professional
alpine-mist-atlas,Alpine Mist Atlas,White & Natural,10,"#0f172aff, #64748bff, #cbd5e1ff, #e2e8f0ff, #f8fafcff, #ffffffff, #dbeafeff, #bfdbfeff, #3b82f6ff, #064e3bff","white, cool","Alpine, Nature"
amber-forge-atlas,Amber Forge Atlas,Orange & Industrial,10,"#1c0f05ff, #431407ff, #7c2d12ff, #9a3412ff, #c2410cff, #f97316ff, #fbbf24ff, #ffedd5ff, #fff7edff, #ffffffff","orange, industrial","Forge, Manufacturing"
aurora-foundry,Aurora Foundry,Luminous & Industrial,10,"#0b0f19ff, #1f2937ff, #475569ff, #34d399ff, #22d3eeff, #8b5cf6ff, #ec4899ff, #f59e0bff, #cbd5e1ff, #f8fafcff","luminous, industrial","Aurora, Foundry"
azure-harbor-atlas,Azure Harbor Atlas,Blue & Coastal,10,"#061826ff, #0b2e4aff, #0f4c81ff, #1d72aaff, #38a3d1ff, #7dd3fcff, #bae6fdff, #e0f2feff, #f8fafcff, #ffffffff","blue, coastal","Harbor, Maritime"
blue-ridge,Blue Ridge,Aquatic & Polar,10,"#03045eff, #023e8aff, #0077b6ff, #0096c7ff, #00b4d8ff, #48cae4ff, #90e0efff, #ade8f4ff, #caf0f8ff, #f0f9ffff","comprehensive, cool",Aquatic
blush-signal-atlas,Blush Signal Atlas,Pink & Interface,10,"#1f0a17ff, #831843ff, #be185dff, #db2777ff, #f9a8d4ff, #fdf2f8ff, #ffffffff, #334155ff, #e2e8f0ff, #0f172aff","pink, bright","Signal, Interface"
carbon-candy,Carbon Candy,Dark & Playful,10,"#030712ff, #111827ff, #374151ff, #fb7185ff, #fb923cff, #fde047ff, #4ade80ff, #60a5faff, #c084fcff, #fff7edff","dark, playful","Candy, Interface"
carbon-ledger-atlas,Carbon Ledger Atlas,Black & Professional,10,"#050505ff, #111111ff, #1c1c1eff, #2c2c2eff, #3a3a3cff, #636366ff, #8e8e93ff, #c7c7ccff, #f2f2f7ff, #ffffffff","black, professional","Finance, Reports"
cobalt-circuit-atlas,Cobalt Circuit Atlas,Blue & Technical,10,"#020617ff, #0f172aff, #1e3a8aff, #1d4ed8ff, #2563ebff, #3b82f6ff, #60a5faff, #bfdbfeff, #eff6ffff, #f8fafcff","blue, technical","Circuit, Developer"
copper-canyon-atlas,Copper Canyon Atlas,Orange & Natural,10,"#1f1308ff, #4a250bff, #7c2d12ff, #9a3412ff, #c2410cff, #ea580cff, #fdba74ff, #fed7aaff, #fff7edff, #ffffffff","orange, earthy","Canyon, Desert"
crimson-circuit-atlas,Crimson Circuit Atlas,Red & Technical,10,"#160607ff, #2a0a0dff, #5f0f14ff, #991b1bff, #dc2626ff, #ef4444ff, #f87171ff, #fecacaff, #fee2e2ff, #fff5f5ff","red, technical","Circuit, Developer"
cybernetic-steel,Cybernetic Steel,Cyberpunk & Neon,10,"#1a1a1aff, #2b2d42ff, #3d405bff, #4a4e69ff, #5f647dff, #747d92ff, #8d99aeff, #a2abbdff, #b8bdccff, #edf2f4ff","comprehensive, cool, neon, professional",Cyberpunk
dark-forest-10,Dark Forest 10,Nature & Elemental,10,"#081c15ff, #1b4332ff, #2d6a4fff, #40916cff, #52b788ff, #74c69dff, #95d5b2ff, #b7e4c7ff, #d8f3dcff, #ffffffff","comprehensive, dark, nature",Nature
electric-mauve-atlas,Electric Mauve Atlas,Purple & Electric,10,"#0b0614ff, #20113aff, #3b1d5fff, #6d28d9ff, #9333eaff, #d946efff, #f0abfcff, #bfdbfeff, #f5f3ffff, #ffffffff","purple, electric","Cyber, Mauve"
ember-market-atlas,Ember Market Atlas,Red & Commercial,10,"#1c0b0bff, #3f1111ff, #7f1d1dff, #b42318ff, #d92d20ff, #f04438ff, #f79009ff, #fec84bff, #fee4cbff, #fffbebff","red, warm","Market, Retail"
emerald-circuit-atlas,Emerald Circuit Atlas,Green & Technical,10,"#02140bff, #052e16ff, #14532dff, #15803dff, #16a34aff, #22c55eff, #86efacff, #bbf7d0ff, #dcfce7ff, #f0fdf4ff","green, technical","Circuit, Developer"
fiery-red-sunset-palette,Fiery Red Sunset,Vibrant & Pop,10,"#03071eff, #370617ff, #6a040fff, #9d0208ff, #d00000ff, #dc2f02ff, #e85d04ff, #f48c06ff, #faa307ff, #ffba08ff","comprehensive, warm",Vibrant
forest-ledger-atlas,Forest Ledger Atlas,Green & Professional,10,"#0b1f17ff, #123524ff, #1b5e3cff, #2e7d32ff, #43a047ff, #66bb6aff, #a5d6a7ff, #dcedc8ff, #f1f8e9ff, #ffffffff","green, professional","Finance, Nature"
fuchsia-circuit-atlas,Fuchsia Circuit Atlas,Pink & Technical,10,"#1a0712ff, #500724ff, #831843ff, #9d174dff, #be185dff, #ec4899ff, #f9a8d4ff, #fce7f3ff, #fdf2f8ff, #111827ff","pink, technical","Circuit, Developer"
garden-system,Garden System,Natural & Systematic,10,"#1a120bff, #3f2e1eff, #14532dff, #15803dff, #4ade80ff, #dcfce7ff, #f472b6ff, #facc15ff, #d6d3d1ff, #fafaf9ff","natural, systematic","Garden, Design System"
glacier-blue-atlas,Glacier Blue Atlas,Blue & Icy,10,"#082f49ff, #075985ff, #0369a1ff, #0284c7ff, #0ea5e9ff, #38bdf8ff, #7dd3fcff, #bae6fdff, #e0f2feff, #f8fafcff","blue, icy","Glacier, Minimal"
grape-nocturne-atlas,Grape Nocturne Atlas,Purple & Moody,10,"#14061fff, #2a0f3fff, #4a1d5fff, #6b2d83ff, #8e44adff, #b06ad1ff, #d7bde2ff, #eadcf8ff, #fbf7ffff, #fef3c7ff","purple, moody","Nocturne, Grape"
heatwave-10,Heatwave 10,Vibrant & Pop,10,"#370617ff, #6a040fff, #9d0208ff, #d00000ff, #dc2f02ff, #e85d04ff, #f48c06ff, #faa307ff, #ffba08ff, #ffd60aff","comprehensive, warm",Vibrant
honey-commerce-atlas,Honey Commerce Atlas,Yellow & Commercial,10,"#1c1206ff, #422006ff, #854d0eff, #a16207ff, #ca8a04ff, #eab308ff, #fde047ff, #fef9c3ff, #fffef5ff, #111827ff","yellow, commercial","Commerce, Retail"
imperial-velvet-atlas,Imperial Velvet Atlas,Purple & Regal,10,"#0e061aff, #1f0b3dff, #37106bff, #5521a3ff, #7c3aedff, #a78bfaff, #c4b5fdff, #e9d5ffff, #faf5ffff, #fff7edff","purple, regal","Luxury, Velvet"
ink-studio-atlas,Ink Studio Atlas,Black & Editorial,10,"#070707ff, #14110fff, #23201dff, #34312dff, #57534eff, #78716cff, #a8a29eff, #d6d3d1ff, #f5f5f4ff, #fffaf0ff","black, editorial","Studio, Portfolio"
ivory-commerce-atlas,Ivory Commerce Atlas,White & Commercial,10,"#1f2937ff, #292524ff, #78716cff, #d6d3d1ff, #f5f5f4ff, #fafaf9ff, #ffffffff, #d4af37ff, #fef3c7ff, #1c1206ff","white, commercial","Commerce, Retail"
lemon-signal-atlas,Lemon Signal Atlas,Yellow & Interface,10,"#18140aff, #854d0eff, #ca8a04ff, #facc15ff, #fef08aff, #fefce8ff, #ffffffff, #334155ff, #e2e8f0ff, #0f172aff","yellow, bright","Signal, Interface"
lilac-frost-atlas,Lilac Frost Atlas,Purple & Airy,10,"#1e1b4bff, #312e81ff, #4f46e5ff, #7c3aedff, #a78bfaff, #c4b5fdff, #ddd6feff, #ede9feff, #f8fafcff, #ffffffff","purple, airy","Lilac, Frost"
marigold-commerce-atlas,Marigold Commerce Atlas,Orange & Commercial,10,"#1c0a02ff, #431407ff, #9a3412ff, #c2410cff, #f97316ff, #f59e0bff, #facc15ff, #fed7aaff, #fffbebff, #ffffffff","orange, commercial","Commerce, Retail"
maritime-signal,Maritime Signal,Reliable & Nautical,10,"#071e3dff, #1f4287ff, #278ea5ff, #d62828ff, #f77f00ff, #fcbf49ff, #6b7280ff, #d1d5dbff, #f9fafbff, #2a9d8fff","reliable, nautical","Maritime, Operations"
moss-garden-atlas,Moss Garden Atlas,Green & Organic,10,"#111d13ff, #1b4332ff, #2d6a4fff, #40916cff, #52b788ff, #74c69dff, #95d5b2ff, #b7e4c7ff, #d8f3dcff, #f8fff4ff","green, organic","Garden, Wellness"
nebula-orchid-atlas,Nebula Orchid Atlas,Purple & Cosmic,10,"#080012ff, #18002fff, #2f075eff, #5a189aff, #8f2fd1ff, #c026d3ff, #e879f9ff, #f5d0feff, #fdf4ffff, #ecfeffff","purple, cosmic","Nebula, Orchid"
nebula-void,Nebula Void,Space & Cosmic,10,"#03001eff, #12002fff, #2a004eff, #440074ff, #5d009bff, #7600c1ff, #8f00e8ff, #a842f1ff, #c184f9ff, #da9ff9ff","comprehensive, dark",Space
obsidian-circuit-atlas,Obsidian Circuit Atlas,Black & Technical,10,"#030304ff, #0a0a0fff, #12121aff, #1f2937ff, #374151ff, #4b5563ff, #9ca3afff, #d1d5dbff, #f3f4f6ff, #ffffffff","black, technical","Circuit, Developer"
pearl-signal-atlas,Pearl Signal Atlas,White & Interface,10,"#1f2937ff, #6b7280ff, #d1d5dbff, #f3f4f6ff, #f9fafbff, #ffffffff, #bae6fdff, #2563ebff, #4f46e5ff, #0f172aff","white, bright","Signal, Interface"
petal-commerce-atlas,Petal Commerce Atlas,Pink & Commercial,10,"#1f0a17ff, #500724ff, #831843ff, #9d174dff, #be185dff, #db2777ff, #f9a8d4ff, #fce7f3ff, #fff7fbff, #111827ff","pink, commercial","Commerce, Retail"
porcelain-circuit-atlas,Porcelain Circuit Atlas,White & Technical,10,"#111827ff, #475569ff, #94a3b8ff, #cbd5e1ff, #e5e7ebff, #f1f5f9ff, #f8fafcff, #ffffffff, #e0f2feff, #1d4ed8ff","white, technical","Circuit, Developer"
purple-observatory,Purple Observatory,Purple & Cosmic,10,"#080013ff, #17002eff, #2d0057ff, #4c1d95ff, #6d28d9ff, #8b5cf6ff, #a78bfaff, #c4b5fdff, #ede9feff, #ffffffff","purple, cosmic","Observatory, Space"
rose-signal-atlas,Rose Signal Atlas,Red & Expressive,10,"#17070dff, #3f0d1eff, #831843ff, #be123cff, #e11d48ff, #f43f5eff, #fb7185ff, #fecdd3ff, #ffe4e6ff, #fff1f2ff","red, expressive","Rose, Interface"
ruby-ledger-atlas,Ruby Ledger Atlas,Red & Professional,10,"#1f0a0cff, #3b0d11ff, #7f1d1dff, #b91c1cff, #dc2626ff, #f97316ff, #fb923cff, #fed7aaff, #fff1e6ff, #ffffffff","red, professional","Finance, Reports"
sakura-bloom-atlas,Sakura Bloom Atlas,Pink & Natural,10,"#1f0a17ff, #4a044eff, #831843ff, #be185dff, #ec4899ff, #f9a8d4ff, #fce7f3ff, #fdf2f8ff, #ffffffff, #475569ff","pink, soft","Sakura, Botanical"
sapphire-ledger-atlas,Sapphire Ledger Atlas,Blue & Professional,10,"#0a2540ff, #12355bff, #1d4e89ff, #2563ebff, #2f80edff, #56ccf2ff, #93c5fdff, #dbeafeff, #f1f5f9ff, #ffffffff","blue, professional","Finance, SaaS"
solar-circuit-atlas,Solar Circuit Atlas,Yellow & Technical,10,"#171104ff, #422006ff, #854d0eff, #a16207ff, #ca8a04ff, #eab308ff, #fde047ff, #fef9c3ff, #fefce8ff, #111827ff","yellow, technical","Circuit, Developer"
spectrum-10,Spectrum 10,Thematic Collection,10,"#ff0000ff, #ff8700ff, #ffd300ff, #deff0aff, #a1ff0aff, #0aff99ff, #0aefffff, #147df5ff, #580affff, #be0affff",comprehensive,Thematic Collection
steel-&-rust,Steel & Rust,Urban & Industrial,10,"#212529ff, #343a40ff, #495057ff, #6c757dff, #adb5bdff, #ced4daff, #dee2e6ff, #e9ecefff, #f8f9faff, #ffffffff","comprehensive, cool, professional",Urban
sunflower-field-atlas,Sunflower Field Atlas,Yellow & Natural,10,"#1a1405ff, #3f2f08ff, #713f12ff, #4d7c0fff, #ca8a04ff, #eab308ff, #fde047ff, #fef9c3ff, #fefce8ff, #ffffffff","yellow, earthy","Sunflower, Botanical"
sunset-kernel,Sunset Kernel,Warm & Technical,10,"#18181bff, #27272aff, #52525bff, #ef4444ff, #f97316ff, #eab308ff, #22c55eff, #3b82f6ff, #ec4899ff, #fafafaff","warm, technical","OS, Sunset"
synthwave-horizon,Synthwave Horizon,Cyberpunk & Neon,10,"#120458ff, #2d0b7dff, #4a0e8fff, #7a0c9aff, #a0069aff, #c600a0ff, #e500a4ff, #ff00abff, #3df9ffff, #a0fefeff","comprehensive, neon",Cyberpunk
tangerine-signal-atlas,Tangerine Signal Atlas,Orange & Interface,10,"#231006ff, #7c2d12ff, #c2410cff, #ea580cff, #fb923cff, #fed7aaff, #fff7edff, #ffffffff, #111827ff, #475569ff","orange, bright","Signal, Interface"
terminal-matrix,Terminal Matrix,Cyberpunk & Neon,10,"#0d1117ff, #003822ff, #004d2cff, #006437ff, #007a41ff, #00914cff, #00a856ff, #00bf61ff, #00d66bff, #00ed76ff",comprehensive,Cyberpunk
viridian-harbor-atlas,Viridian Harbor Atlas,Green & Coastal,10,"#03201bff, #064e3bff, #047857ff, #059669ff, #10b981ff, #2dd4bfff, #5eead4ff, #99f6e4ff, #ccfbf1ff, #f0fdfaff","green, coastal","Harbor, Aquatic"
void-chrome-atlas,Void Chrome Atlas,Black & Futuristic,10,"#000000ff, #070b12ff, #111827ff, #1f2937ff, #334155ff, #64748bff, #94a3b8ff, #cbd5e1ff, #e2e8f0ff, #f8fafcff","black, futuristic","Chrome, Cyber"
